UserID,Username,PasswordHash,UserGroup
1,"Timothy Sweeney",$2b$12$KJBOklBUzP90x0AgXd2hl.6Vk9NEtltUbeKyfiDDN5kHOiYvYoP3m,A
2,"James Boyd",$2b$12$T3cA2nm7dJLGzecg5Tt6SuObbOVLez5UBVVSnU18Rx1QkTHLbNkge,A
3,"Miguel Gould",$2b$12$UWbCTPXpCycSzsTVvqVE/On.5oBGWUQapkznYDy.PcgDevB5QeNtK,A
4,"Melanie Bowers",$2b$12$nrcMTggGAHYojv605RV0OeDBlb0loVFBMmowhsoK30sFLQqrxMR..,A
5,"Julia Mann",$2b$12$rtmZgVK3CePYKJXC0.jB4uUWD9/S0cGSmTijHCaZCLV3mrFZPvXSi,A
6,"Donna Lam",$2b$12$zNzbdB/WLRhzr5ELgYKny.P7R5Z2zAp3E0RQc/qJLFZcjVs1B7oAm,A
7,"Lance Thompson",$2b$12$PCd8mbvuii8u5if3/YrVq.ArC3OHljC7Af7tYfLUQCZzoGfh9QT1.,A
8,"Christine Roberts",$2b$12$PohbjUP1i3aHc2mmP4YvTeQdT6UtIqWybxvLtLJyB0gfayppcgX3a,A
9,"Jonathon Gonzalez",$2b$12$8XKp9KdAbP35SGAwgYZpDedZCIKxSaI3P7laewUbiTkO4/GoJI4DS,A
10,"Lisa Conrad",$2b$12$bdB/wDPGpTzQY7HkbLNOmeNqi1UuKT4SlZfAA4snUrVuu24cQAGbW,A
11,"Samuel Stark",$2b$12$pBav7NPZD4FKFQaGmFbqBecGL5rhjiB.ONvQ9D71JAUoyM7JM3xuC,V
12,"Alexandra Snyder",$2b$12$tZKq/MR0XglypUoN1nXux.9RNmfoCBQvm6zaVr196Ndevt/0/pbYK,V
13,"Michael Morris",$2b$12$YN2GMk5dTUx.8vyqt2wLFuSmcDeZlROOneXyNzKra/qbli0NQS52K,V
14,"Ashley Hernandez",$2b$12$9CXCLivpMu/OYJWDiSSdwOPGpYQfgMf.ma/mv0SJ2isovoTpJs4te,V
15,"Dr. James Trujillo",$2b$12$Tb7b/GVJj11yK1If.DyyieephubH4IfIm4gNdgsevirDL2KUTeh9a,V
16,"Janet Watson",$2b$12$wNgQH590C5RQT.r7LN4TU.ZiQWzdeNvJmpi9dO7RGOTZzSXJdcMwG,V
17,"Erica Torres",$2b$12$HrAnN206K/yv3ZaKg6aNA.6p/7wf93GClxfWUhUkKlHLHTVVcGeq2,V
18,"Jeremy Gonzalez",$2b$12$Q2DaN3IzOV3pTlqW5TMZLuRgqFP3SJwWZUjSBnrL2gIglarDhpEzu,V
19,"Michelle Allen",$2b$12$LqtA9MsXQzP7qqlFZxRSmeu4EtovFtuD/oacj/ue8NwXxZG94WPGa,V
20,"Sandra Thomas",$2b$12$70LBdJyBRiuCRgwFeYvhIeDBcjpS0HQQfp8TYsIEdF6G1FyEPqvjy,V
21,"Sara Peterson",$2b$12$sVdyrMz4XUyz/wJ6QH5NEekLY259smFMl4JNrOfiZ59AUAzF9ecGq,V
22,"Jeffery Gonzalez",$2b$12$eXgG.mQNQUJ5389jYLOT4.XPhdPnMZ6Wqph1SWbTvOYJk1DU4yyiy,V
23,"Wendy Mitchell",$2b$12$vEqmT5wnvH3MshGpt5q/1e0uhPUIAvrTixioGBB8u9TwTHOUBHikm,V
24,"Paula Baker",$2b$12$VWmLyJFHfLLyS9A7HYBm8Os1Wt1EGlPhG44pcItKw4l50nJOoPZGK,V
25,"Jordan Smith",$2b$12$rKQqYjSoco8wan6s8uEE7OSH9ogwdTpjhoMX.k4dPz4fk4eL9RuFK,V
26,"Renee Crawford",$2b$12$okqUH.R1rbUWf/sXn6zQJOyO84HwHYNr3YXjD2bRYA039yS6wZ2qK,V
27,"Kenneth Johnson",$2b$12$g0fQ6aJTMb.STzoLITo0Muy.3v7ZdlT6IzMsbwjsMtYvoDP/W6oXK,V
28,"Wesley Meyer",$2b$12$ne5I7bMzd7vTsu4u/PPOSeUWu5nVTWPvlO5fVFWvg1Nl.0gMGxN/C,V
29,"Kristin Rosales",$2b$12$evZqu0rMdK.2wMzE56G3feXFe4JU/QzIa6kEBNMrVlv63xtMzQxYe,V
30,"Joe Robinson",$2b$12$xUEUq/Bs2bBaiT.hSR6JBOy9D/oNMCE/9tgE80281wBBBG3aa4nWW,V
31,"Victoria Edwards",$2b$12$lTqWQ0n/UTq3Jxzi2l0g0uUcQ.3ZsgJymQQPC8m/tvgXu1U4WgFeS,V
32,"Todd Hartman",$2b$12$vJaRGUwENyXncdoEp4us9OmTJdDWveJDW1DaQRmdUDeuQFo6ZwynC,V
33,"Jordan Burns",$2b$12$NrljjHwPy6Ys4n560jPG.uVjOuxp1jycOBpIGfirUo4OWAj6/GhWW,V
34,"Larry Romero",$2b$12$F4K/ms8hrkd6s5X..FC7leb3LZVKoT0TMgUDAZ0T4AzySp2IyBXqC,V
35,"Alan Weeks",$2b$12$c57U/SbstghAy/wdpfiCfOkx/rTM8XbUJZwwjb2ADX9fLZ/oC8qlu,V
36,"David Bright",$2b$12$d3m8adv1dejRTBqyRe.72e13ZyE2.Ehi7qHejOZocFvVgRlhjGWsC,V
37,"Jacqueline Fields",$2b$12$hsZ/AZi4sp7E62o51aBiwu.RFq19V5zmbq0vRB.DMOyIthpabz.tq,V
38,"David Anderson",$2b$12$gMdIMmpgABlJmK.dJ3foGuUGMurxDTFHY/gFNzhdRUKrqj81PuKfS,V
39,"Cynthia Romero",$2b$12$Kwv4mOYrZuT1DOzRsXZzfuDGOZNYwwErIaC2UY0aq.dGVTOahUTfC,V
40,"Adam Jackson",$2b$12$zgXicBLXJDG5YfvJyOXt9uInsdXgTfMzbLbB9r8upLxQnZg5OaHNW,V
41,"Beth Roth",$2b$12$TK7VMSSOsxt.ouw1sn.1dONOxRUj5VSPvyGUB7.usNgb7HpmrweRy,V
42,"Robert Snyder",$2b$12$I9nod2Jt9sWfNtYVbXPrJ.vU4NXutcK1dme0oWpEawfc4zj9aq4pe,V
43,"Sarah Griffin",$2b$12$suTUH4P0BR6X9iyiIW4uV.QQM8Hs6e/orsE4kGFAmhL2vjtIl7lMO,V
44,"Kara Mcguire MD",$2b$12$qXGiFCgCVKjoZI.Rysh/W.aNMeSSDPjyNcPKkFyMuOXAHh8DyRT9O,V
45,"Jacqueline Lewis",$2b$12$XmrNip/fUszSThBtNouW5eu3TswwG125f1vmeG7r1LWeZJQCHxnsK,V
46,"Jonathan Werner",$2b$12$zH.vXDQ.lkKiZeEV0.tJK.FBZAEViJmKXGiMks46Yxfsxa/KUfs/e,V
47,"Sherri Robinson",$2b$12$2Fxrk8DDQzQx7tei6B1NxuNm1Ew4CXEyjCJcfoxER2oHu0eGNW09C,V
48,"Michael Allison",$2b$12$mH1LA2FfHriZJAi92Bhs4emXtL.OYHNkHYVwMFAc8MXAc4eGT4OIS,V
49,"Tracy Andrade",$2b$12$Wd9rQogtdW5t1ccLi7SM4.9iJXnJlH.s87pt64/maGyd0.EYeZpaW,V
50,"Brandi Wong",$2b$12$40Ckhw.mY2QuVy/xgdeCVuSBlyzEyhcHPBLbUBOp/HhL3ZFgM6dyi,V
51,"Natasha Carson",$2b$12$uXVjy4bgh7nZPQbK7/cmyOLI0PMJ81c9LXxwI3Jd1YFUwB83EiD8u,V
52,"Billy Mitchell",$2b$12$aNcFcrSoLTu.PA49DCZ9vudqNk8FQ/D23Rwna5lE.crrAD9VZk/KC,V
53,"Megan Wiley",$2b$12$ZvqYXTrt5KMnqoftgbAFtOpoEl4.dZ9mYOB9fvKZjaWomyNS87HzK,V
54,"Heidi Anderson",$2b$12$jaCa4jH43S/6sYiiUcdMUOiaQgDG6JHn7FgL1b7PjEraSUWd1OtzC,V
55,"Pamela Downs",$2b$12$/S49bbS0XhxV2joKnqcRnetIkpEElsooOyNmI1K2p0Ay5EBD8IjEG,V
56,"Deborah Johnson",$2b$12$E8cldbN1J7fJdZg0IevZg.WNZkz8mfYXaL1YNo6UHFMAqetuQtjwy,V
57,"James Diaz",$2b$12$H19QyR2koNl8E3Et3fWPf.ha/y1FlD0B4XrRAcCbvWyXzCTRMD7Oi,V
58,"Brianna Dunn",$2b$12$fITKw6YN3yY2QXwMBXEki.Oxc8ketHROXpTBGENytl2ymgVtyOV3y,V
59,"Andrew Mendez",$2b$12$SdG9cpeoME2VJ9Y2wJJAWO8q.XwR3utf1NWtl62n9W9oHubuoOvAy,V
60,"Heidi Thomas",$2b$12$kwFwihZ8nHkbeotnYowYzeKGAdsBCiOmqJ3Zv/YZJqMqtM8sN0aAq,V
61,"Kimberly Jennings",$2b$12$tHojz.uc5/SGRrSDaib/kuvd/PyReBTkmHddwq.LiUuOda6jZL5VS,V
62,"Justin Morse",$2b$12$/HTYWDHSkuNlwY6hlIo0p.G85e9zYn7SqyKlp99BF2GZiee.nHVXS,V
63,"Sean Solomon",$2b$12$GqrUDeO8w.Hsb48jyVibyuE2teTLZHvhNAnJT4FZ4ZpT0cj5BP0vu,V
64,"Jennifer Miller",$2b$12$Fu3SMXPZ663cPoiOk.39iOXEFJ9N/N9UEt0Cvw4Tjz41dAjHBODVK,V
65,"Andrew Cuevas",$2b$12$7meBPkOrwFU/l8m.D.eeEuo8N98xbE4MaxAbJpuoNEZ/fil1lV.QW,V
66,"Robert Smith",$2b$12$dRXoHBZ5vfRbB2lkERW8vO5TSytvFhHWeuyUOKp0MsINPJmgTTHSa,V
67,"Teresa Baird",$2b$12$lwyo/GDWd4mTSZZ4J9x8eu/cDod1sLjR.Voegi61JBusmR2IFjcim,V
68,"Denise Flowers",$2b$12$MDn8DTlw5TMDgl1mjLxmaOcD/KAkBbNHSDZ0cNSh6NHSZb7JLCB0q,V
69,"Tricia Ruiz",$2b$12$jqHnyC96jUOqrAApSyT9wuL.K0emBWIOdlaGMsDUdeOMbqWf7sa3G,V
70,"Justin Baldwin MD",$2b$12$oJQwpqlt/bg9Ly.yiS8d5uy8rIffOATg7.Eg9Dw1fkgmTV6uA3fHu,V
71,"Carol Goodwin",$2b$12$o2y66ahe9ctFofpfq5bQKO2nMdXgblEOHLY9bBGVooirroloX.Sde,V
72,"Nicholas Brown",$2b$12$WVAd5/dy5MymwCj2DvaVY.adTHsGBnoSVa2dn0by0.qBuGNGzIxnG,V
73,"Megan Jones",$2b$12$UegXDyneZOmYJ3.sZNZxA.E77dUo8R/P0GnT5b8X0qf8/6PMXpUzW,V
74,"Jacob Turner",$2b$12$Gad8RAOQFTxy54oxkSqXxe4w0YZM8AFFX86tScIvCY7v9KZW6LL8O,V
75,"Thomas Fuller",$2b$12$X.MsvDHGyjGSxm9bkIK6eOHGqPAQ9.l1HIC20uYR1krtGU/ugasVW,V
76,"Misty Thompson",$2b$12$0W15S4TCdg/v.xKWZeeofuVW0Z8T77WAkDOgkGY47IrqAOB0MjZla,V
77,"Susan Brown",$2b$12$B/uroqgzByKkmqzNhqChe.QDeuKN7gL0bOQveAOogMfpVWH5BmEda,V
78,"Sara Cardenas",$2b$12$Ok/nwIFGuCiA03WU4fb6MOiDUZWoDViapbg9DKqlXJlxJiYaEsOGq,V
79,"Kayla Wallace",$2b$12$LzE3cf3aLHBK6A7G/fLsPuIYZFZlI8y2vgJ2YP8EqF06RlAUqfIIe,V
80,"Sandra Sandoval",$2b$12$bGdFSAtDv3I4qBXuepgLAOog1iF84zJTZ.WQDFJxP3crFkeJq2TPO,V
81,"Kyle Sanchez",$2b$12$A7kCXjLw.QXALySGlwWuAOdILsjQqUioUCtRdNZh.Il3912dIk7AO,V
82,"Carl Petersen",$2b$12$JpiH/1FoBpUYCnQWExmoBuZiwDEEbDXzj2KrWLNwd9ZlTRz7sioFe,V
83,"Misty Walker",$2b$12$qZ1YswKqjKRhtkqInHFcq.efTjwYHZQHp6LyDa7diP5crYIYWy9rS,V
84,"Aaron Weiss",$2b$12$Ap5tCt.1ocyb/vznTF7rSe6HBqUI1vdbF5fGdSQO96eW4W85juaHi,V
85,"Gregory Garcia",$2b$12$bEYyOgQFCCyTDi7io8xIGuvAiP/vjffGvCJRGm2qsU6uLvOslvjKi,V
86,"Patricia Friedman",$2b$12$jsCEXiNoJB7CXENSVfoozuRfufQI5kMejEsLWB8WKm9bG4GJMyudG,V
87,"Gregory Lara",$2b$12$dZFBz0kUmdJRtvExAj9J3.erUyZqv3E6t.y0i2fkRhwOMj0YW7..S,V
88,"Cole Aguirre",$2b$12$viz3XIyxHSdWp0AzmX/H4.co2WCQiCZ7ksEqy1jv8wcoiS5lXZ7J.,V
89,"Kathy Blankenship",$2b$12$M5NKt8K.1godMg.6h1s0e.ku55eohgssYYxQP6d2UUJQPrGWHDee2,V
90,"Matthew Martinez",$2b$12$24W/1htBG2DYGNoUVPTI8..e3AhMDO/ABPCQXRSpPqcp0uWwFJrG.,V
91,"Pamela Duran",$2b$12$/a3Yn0twVf5DpP3X781EluwttVGLmQyDuIwpKvvZCd8l0KhJNPnVC,V
92,"Rebekah Johnson",$2b$12$luSwkdjYv0uFn6iutw7VsORO5wsTibI9djrgoNlhD8/FH5opmQhFq,V
93,"Holly House",$2b$12$SNgboVFX1gfNZPWo1D0UleRSDHA/tcEz0XyIwcDl12QxntvVC6ORK,V
94,"Katherine Garza",$2b$12$FA3urOzIUA4tKmj0zpMF0.FFpURuBCaNnqkT/U1zjkVBSkQ/bIhXu,V
95,"Ashley Anderson",$2b$12$ecoV7YOywIb7/fpIsWnwO.O8jav6MZ6f0cLqWgI092niDqHqjZMvC,V
96,"Johnny Sexton",$2b$12$IBDtuwlZUwjhcJDvsPh2TOiHU9tRJ9Sz2jicMWS6I4Y4j3uTZi4AK,V
97,"Kathleen Schneider MD",$2b$12$WMJrnCx8MBnPknEcDSyHEuvIRJCLY2HySlTp1v7ME7X9.T4E0x6Wa,V
98,"Ann Bass",$2b$12$CbQ5I1sH.KIeQQPY.wo3S.TPhgRHeMXPj3wMX1hW44FDHrfaIUa2y,V
99,"Rita Lopez",$2b$12$CnEZXSQBwkp6x94ivczBJOw31JS7lCIFWM1FU9Ne0WG8OLFj34kVy,V
100,"Shannon Robertson",$2b$12$PiNRv1GSZAX/cpZOTaLpvuxf5umduulOo6EehjkFaYwFKaIeRW.Im,V
101,"Stephen Little",$2b$12$FLQ10fI8bbM8nmnJZ8JmVOza.mRREvqfz7V6BH0igYdaGWug32l/2,V
102,"Samuel Johnson",$2b$12$vZkoLdURgyQK.hDFCrmeW.B4reMn29JGVS5/LfBA7k/skqrqVFwba,V
103,"Justin Walker DVM",$2b$12$uvMGYqseMc1CUAgFn5CMUujaj3/MGIINMvcD96PdNxZm7yIu4qYea,V
104,"Kristy Rosales",$2b$12$hYfXgYiLDBCv/.rmcb3ufepCa3fDP2DoDhYtNtlH2yjj9BmInC8re,V
105,"Mary Gaines",$2b$12$pUUJTSNIEvwSWXyR8l.mXuVaEqOUsmpUaFK5eyQzaaEk/8H/isLEe,V
106,"Kyle Pearson",$2b$12$in4Lh/0bzPzYRA8oJ.Vsj.9tKnYIEjqfYmxzMG3kntmd6u.pZqWQK,V
107,"Michael Nichols",$2b$12$TDpXzHpdlT37ejXLYTNAtOqffvBLAAx2ioQnX1fMhyMBFqJZ04d8K,V
108,"Melissa Wong",$2b$12$iElfw5WHfsQzM5IWFHchJuLv.o2M5IOYAO.0BqCc/LM0/XQd/vALu,V
109,"Elizabeth Martinez",$2b$12$EnDTcKJjkLEtr/mYwuj9LOrTowH38.MClW6t8QCA9kqxMg.AkvoaW,V
110,"Elizabeth King",$2b$12$ui9uRPBLraciiOarYL9DUuznWwURv.qYF/DD9gW9qdfgtnIoDcJPq,V
111,"Brandon Neal",$2b$12$SPxEVFLktm8Il8.bOEgNJeUm03YwzfjxYBtUZoAbGpst5qThE0nZe,V
112,"Ashley Nixon",$2b$12$8ZaxFumz/P.NpBeNGx6Gve9kuDIMMFbPUyl0NzYeuiSai1NWdDmk6,V
113,"Kyle Young",$2b$12$bdBnlnYICWwc.8oX4TRqD.7jWx9zSVCsNrcvFXc9l5mlkj61nsYXq,V
114,"Jill Parker",$2b$12$FOQ0m8hdt5RzxiwnpLFLTuT9q9LO7yiDTP/3UGXyh1eAytG//Y3Ja,V
115,"Christina Norman",$2b$12$RUCSLGhcMxMjO3BVit5SdepWel3YI1Azlu.yxVz3ZBhMVQURs2dlO,V
116,"Mrs. Maria Jackson DDS",$2b$12$2cDY1KDxiXzh3t/GX5o3murZZ5eXSrf9gZxxzjIbWevVUd4c1cJYa,V
117,"Alex Butler",$2b$12$CwYmICLdmfuSvWI9hlQFXOYJBv8cj8EyeLWFQAZJI8WJI/2iT9sAC,V
118,"Timothy Garrison",$2b$12$nNE.5Cez2klX3pgzGCWxzeqMJ7W5DhaoAvY2Jvhyv7n8MtV5wKH3G,V
119,"Ruben Mcgee",$2b$12$xGZKhQbk2ceY/Tp9TW79BuXBd99OWh299OzIsY/.27/2vmSqwH4I6,V
120,"Laura Miller",$2b$12$7ieoy9ezYeBoNzRzlnqoM.vhjte0vXphqQUursgvEHf.N3gwzCtYm,V
121,"Jerry Meyer",$2b$12$tKBziOVUOVNfNpxitb4OouJDs2szUImx3UeBVZjPgbr2R.p4DXaoO,V
122,"Willie Gonzalez",$2b$12$dEXTvapLkG6GO2Nh4CuwsOsuNkUpXqgH1NyS2gzdRARR357NyXru6,V
123,"George Richard",$2b$12$Fqy6YxMmhJuWbRvtAv.w.eeZTyYeLjmcB/Ooqcyx0taediMfjskqK,V
124,"Melissa Gonzalez",$2b$12$YtI5cEp9QPDlIzH5CRbK1.Tdu4k6H5o/G09YNHraTgRXTlmEGjOgu,V
125,"Miranda Mccormick",$2b$12$nmKLI6YELelRKVoVfFytFeh/.On993vZdCHaDS5XKWT86ZqGxBbG6,V
126,"Mark Gallagher MD",$2b$12$bXoZmpyyMT5tbFN/URQ9/eq6sjgWLx/jnOzxG4hXf/xAmhloKX9r2,V
127,"Sara Wright",$2b$12$CeDmxEesFCf9UpG0HWaM4ulUfLiSTqj.TZHj30fTpILYNEfMKEe2S,V
128,"Jocelyn Campbell",$2b$12$pZQf45BdBh8HJH08mAF1dO856tFyYj73Z7bYY4MPvCq2LjG7DtkXC,V
129,"Robert Houston",$2b$12$U7S.SlS/QgaKnCE2k4ye2OTld8K2qB1YniQg1UPeuVO5rt3iHujxK,V
130,"Robin Jenkins",$2b$12$gSqqRz/DarCj78gJ3gNa4ewUiuRytq89DFtP/T8bwmVNTQYqzYqgG,V
131,"Lisa Schneider",$2b$12$leO1wHhUzDmo9sF4DBxPMetQv3ea7FFM/3xP9CkRUx.gtvAYeC7Ci,V
132,"Erin Maddox",$2b$12$2CvRB0RLayjjwjpdHH/IYuARnCoCPtQqvZylp3Z8F82kG0WEetS6C,V
133,"Jennifer Gonzalez",$2b$12$4SU47QTVKLltVlC.i/is3O9dTW9XWD3ulL0wrFyyanTXY2YX6jNe2,V
134,"Kerry Figueroa",$2b$12$iMKl3elV15pstnf14KtyzesXdJc1ws/xjflgMSGLLIM5b3.z1inEC,V
135,"Emily Williams",$2b$12$yC93nshEMT85xFO.RGRQ..zVtIsFQzVeQEEwMIOFQ7xCg7YP2eSk6,V
136,"Laurie Martin",$2b$12$NTH7al4rXLTLVFDpWyjasOSkX5gKnJfdRGBx0TKVn3e/7ZGgycV32,V
137,"Pam Hahn",$2b$12$IkXodXojcyKI/rBgXWT7cOgW0QgQBZ/wfEOUQGDSC3uXfq/.QD1U2,V
138,"Kimberly Woods",$2b$12$Bm14QRy.2RVHHOGsLJc4eO3WPLLJmfFoAJq.oGRWlANG2/ER/IABO,V
139,"Jessica Thomas",$2b$12$1Yofh3gsaP9Bawuz/0QBGO6AKmr/tqe9iT4puGMOxkJ1XbLF3TDBC,V
140,"Laura Craig",$2b$12$JI//SUf7AeKGLffMhihsqO8mUSxIHdftRVswwGmAXwPdDQx1N0wGW,V
141,"Sabrina Johnson",$2b$12$Si6JJ/CUVzSrWEOblKu6hOm/6eN6dmwBZ3P4xLRNOJak2N7RomAGe,V
142,"Julie Jordan",$2b$12$iVqKI4ZUJRVf7I8Kshq0iuBGaSKPSuC0OXXoWpqZ6uBjvj1vbzvXe,V
143,"Justin Middleton",$2b$12$p9Auv8j1MT2svH/kM4reZO1BorVeBGNXjZDS2Xpv1fLjbqg7Syv5y,V
144,"Alexander Mitchell",$2b$12$xfmtITfiDw8sM80X7j7dyOeOdYuzBFzjrXHCxwln5GM6jp/9vW9zG,V
145,"Michael Castillo",$2b$12$qcSsd8WymRmk/LXSOGXsee0Pw4ylk8a4mztPZedXUYqjUnuIXHNHu,V
146,"Joseph Glass",$2b$12$PBcpwdEc7M9HAHSkAS8q8.Bl5RLrzMXBo5IdiYHvP55G9wJBXK5cC,V
147,"Kathryn Leonard",$2b$12$LzK0920yrmPt/G2STfzZaO2CLQ6JTf8YfuaPWkEysOI3BoS9QI6ee,V
148,"Debra Murphy",$2b$12$8nfKmW1kmQ1x0oUCq00utOIRtWA39VXvH7OL1idG04kj5kQ3o8ScW,V
149,"Barbara Hart",$2b$12$UZDPIHwE1827VCyz3TrlkeHK9cU60WG4lP0YtSuOjcjtSC5PA6VVK,V
150,"Theresa Wright",$2b$12$l2uMLi9iU3TxQE1pvvELPulRHmyQePEDQXbxzt8RrTAIFmyLoOoeO,V
151,"Samantha Davis",$2b$12$1AY6s6k/DxHNtMZ7X.SmJ.7.o0hwTiIWspo24NbycBTltfuPhMHoW,V
152,"Brittney Payne",$2b$12$J4qevdk1fJnNjGmq6w8iMu5UtqOB517FgJQpPwVvySP/LVoRlYmVO,V
153,"David Foster",$2b$12$.rDcAZ3uhKCGna7zNR6sxey9LATmHhkQXJThTjmPS4ogpzY9b9HKO,V
154,"Sarah Pittman",$2b$12$ftXKLsY8VOvF4DnVbScROufX35CElAAHv39V/NDjoXLHTBuL8...6,V
155,"Austin Duncan",$2b$12$kxa.EWli.LYZxcguGSjyseFdOdMi2s2eREtmESXWIAFVV8GKNdbAO,V
156,"Daniel Nguyen",$2b$12$0xxSorL/6.8yrOhfweWtiOCiqeRzoBrdvV.azL4lutLAy9erJ5nyG,V
157,"Christine Garcia",$2b$12$mfxOvvy1qxTuUZf2QVqEFeohsDlKEF.oTfUKZXnSVYmeIQe7saTPC,V
158,"Anna Sherman",$2b$12$iTne4d6LYtW5Du8Dr0uED.EkurWXPpxSyWHGsuWjueMEZ30PnatB.,V
159,"Lisa Mckinney",$2b$12$KrnGj/UTgLep4ZslkOPAgeFQE7UTU0FbbvsamDFQHXsaFGbYDqcV2,V
160,"Cassandra Hall",$2b$12$AIIxXsENq.Ui6tJ16PpZSOpij.4FB8HYV2mdhXJhS43zRdMNothEK,V
161,"Brandon Ortega",$2b$12$pCWPYNiVi5ANaOew4WfsW.fkLZrPtdStyLPedRo.1rUib2.UWUTcy,V
162,"Walter Jones",$2b$12$upYsL0.qxeRflgzJBhOgzuxIPLsJTT1.WbDSURDkIAoUaes4rOst2,V
163,"Jennifer Jackson",$2b$12$94FmFHiS4GBSZyTywGHgJe1i6I2dKjAkWpSUwy89M6xW/qm3j6CVq,V
164,"Linda Roberts",$2b$12$GvrVZq.Embe0egREOxhsIuovINJfJaDxdo4i9aQFZ6OyyMQFSwPqO,V
165,"Summer Smith",$2b$12$PrthetK/VeddfJ4rKCCSoO0N3cit.HXphsZ0CV9qfG6TtzbaYbo6e,V
166,"Alicia Levy",$2b$12$bn60dumHmTJbzTHj3ID/2ugfPX0s6mF3WDNS2waLOwzNVbOZh6DuG,V
167,"Jacob Brown DDS",$2b$12$pKkVvX15ah8LkDSK.q26JuZsPKesVBt2zHDk8nChHxF4nSTUU8Xiy,V
168,"Ana Ramos",$2b$12$EFCmF70JitRdAX0IrjGrG.dea..SdmPYWASgBU.bfMJdnUN2Ljgky,V
169,"Jonathan Townsend",$2b$12$4BalBEESOT.Mpy83F.qbJuUun.b90ux9qsdbJR6/FJOSTVnmReDWG,V
170,"Michele Ramos",$2b$12$KClEMtgWVE6zLm9Ovt.xnOBaXAh4wjIP8A.Giw9nYpMvYFq/a1rpO,V
171,"Leah Ware",$2b$12$BbCZchASVIO0Tf6nnvuUVOWfRaPnp.oH3VrBHQXHSpIWAJgTIyrze,V
172,"Daniel Elliott",$2b$12$2tIg303SdyTo22OCdTIqw.G36UUnX5QvbsuRe9k6KPbaOgACzNlBy,V
173,"Erika Anderson",$2b$12$bVXk2D78lKUxmsnES7xOM.8AX.yx36x5lhRAYdkFonUp0UFxumilG,V
174,"Kimberly Hinton",$2b$12$qoH0eCy0s1VoFjv7b4kRWOK4jsx.MZE4.2Aq.v5VUOB82gWdH0R3O,V
175,"Robert Glover",$2b$12$wrZfbhDJ0uE.RugXeX0jDu7Vb1H37A7sJdmPlxGH.gArEjFZdBHd.,V
176,"Christopher Moore",$2b$12$kAvAZyZrz895QvCaBdTvEupyoUAUNm8pCRGUiOruVyiasb8z.H04q,V
177,"Diana Sanders",$2b$12$HgejSP4AhCFtQrITU9Q3I.GpoIPyFKjfPT0Y2Rauc5Iw651DEA1i2,V
178,"Lauren Manning",$2b$12$PRAojkWLP2xFX2tXdVgHP.yfwYLrSRSEtsEiBOKVc0Rn6MjPenG0m,V
179,"Jennifer Lindsey",$2b$12$JXcMGzCXXERBCJCo2aQn3.LXWmC2N4v9XsmJrfjb4gNBMOOK6hFQ6,V
180,"Justin Evans",$2b$12$Fq.gGbmaRxOIwJbTgQtfNeovfR1ztNoTX5byIR1JXMSSI8FsD.Hmy,V
181,"Jerry Martin",$2b$12$39sjK017E9r6ZQn63zooNu19BiN0nUbREZT12T6zSP7wNGF8YK5wu,V
182,"Tony Mcgee",$2b$12$QQkRCIp7h.yvEZJiQEnr5OHtiZhrSHg.ctWqRUhtrfyD8qS4oSrUS,V
183,"Christopher Williams",$2b$12$jf7QtjTNR8U7B.qqKTYoR.GZbWy4OMdxvhvaIoGkkBr0bF5vI.dxq,V
184,"Jack Pratt",$2b$12$qozg5pY8tQGn1wPcMpmpE.ixj76nYdBY8iqPqOBnSsF/XzDsVrxba,V
185,"Johnny Barrett",$2b$12$GDQk2v5T79/rOO274g2ZX.hVLKj6ZmzFK7PGHoMEC4E2rx7L1VaV.,V
186,"Curtis Lee",$2b$12$njyvApKL8YlTNPwXP67O9e0r1KcuLM/52VnsEpus7IBfmxUZJNUjO,V
187,"Victoria Meyers",$2b$12$bXliwvPuatOvopTTYAaAdeg8L5wbnaquY3iLZU25caDqe0FY87r..,V
188,"Gary Martinez",$2b$12$bR1L/JpNqK5opyMZNgN5x.9S4lDBHoLziTNUf47PWYrOziaZqmSpS,V
189,"Robin Williams",$2b$12$cWoQaaVJO78CujOvwYJONu3Kyq3hlp8TfVSHk1gvKTmqzM.nRVTcq,V
190,"Bradley Baker",$2b$12$W4B/C9V0y37g0vOdiL5MQ.fGha/G2Qm2GrSDu6ejl8JjMboMwyWsq,V
191,"Stacy Evans",$2b$12$kcRBa8Pm1PnKRLiBYlJsY.8.EFc7iAel0P0ehfC7UEeTEq3VzhBTK,V
192,"Todd Garcia",$2b$12$R5f75hdAmOmM8r4SqhH03.aJnw6h9.XaADhBAx4.plPJNcoKPY8TC,V
193,"Dorothy Lewis",$2b$12$RfoTT9Hr3cXRQirSKUoojeNaFrtNpzYqlWdYFcsTlM1Sg4D407MNW,V
194,"Jason Smith",$2b$12$QjwTvvch/JoofG3kISrnQe0k/LdoEpKDYPbMXCMk8db/c4QR.rAGm,V
195,"Brittany Huber",$2b$12$0gPP/SBEHIgIZ67NPxUNteISrJaO4yEakK7vEmRc6FR7D7HazFsoe,V
196,"Sheryl Wilson",$2b$12$YSjUXz1XzV7EOuZ3X.0RnOSgbR2U4i725cgUzVr1ZKTnOndL4jcUa,V
197,"Anthony Hammond",$2b$12$dRDdw3IFd2pni.ZB6vN8DuWn28qa8LrJpSPumbunKVr8/fGm9lJPq,V
198,"Alexis Carter",$2b$12$aG1V0ksv6mgDN5jB0v36r.qPg6.nPCvat8kSpSQPb8cQlVwpvReEm,V
199,"Ariel Sullivan",$2b$12$KzZiKXwgf0eQDTbeHJySo.B2LkVp21rONWU5AGPueGduql9iPe.ce,V
200,"Veronica Carlson DDS",$2b$12$U3bWpJ1jOLMiNXKBP6FXWuRkrBJEhshX0X7Rhx3OW0Wr/tRdjICAy,V
